Query	Marker	Taxonomy	Confident_Taxonomy	Abundance	Likelihood	WTD
scaffold00505	norB	Bacteria; Proteobacteria; Gammaproteobacteria; unclassified Gammaproteobacteria; unclassified Gammaproteobacteria 	Bacteria; Proteobacteria; Gammaproteobacteria; unclassified Gammaproteobacteria; unclassified Gammaproteobacteria 	0.0553324	1.0	0.0
scaffold39115	norB	Bacteria; Proteobacteria; Betaproteobacteria; Neisseriales; Chromobacteriaceae	Bacteria; Proteobacteria; Betaproteobacteria; Neisseriales; Chromobacteriaceae	0	0.986739	0.05729
scaffold333470	norB	Bacteria; Proteobacteria; Betaproteobacteria; Burkholderiales	Bacteria; Proteobacteria; Betaproteobacteria; Burkholderiales	0	0.467997	0.05921
scaffold02477	norB	Bacteria; Proteobacteria; Gammaproteobacteria	Bacteria; Proteobacteria; Gammaproteobacteria	0.0204109	0.327249	0.10417
scaffold199398	norB	Bacteria; Proteobacteria; Gammaproteobacteria	Bacteria; Proteobacteria; Gammaproteobacteria	0.341355	0.501414	0.09659
scaffold05790	norB	Bacteria; Proteobacteria	Bacteria; Proteobacteria	0.0438346	0.711632	0.15625
scaffold00027	norB	Bacteria; Proteobacteria; Gammaproteobacteria	Bacteria; Proteobacteria; Gammaproteobacteria	0	0.327249	0.10417
scaffold343706	norB	Bacteria; Proteobacteria; Gammaproteobacteria; unclassified Gammaproteobacteria; unclassified Gammaproteobacteria 	Bacteria; Proteobacteria; Gammaproteobacteria; unclassified Gammaproteobacteria; unclassified Gammaproteobacteria 	0	0.909314	0.0
scaffold02916	norB	Bacteria; Proteobacteria	Bacteria; Proteobacteria	1.0732	0.999073	0.23793
scaffold00229	norB	Bacteria; Proteobacteria; Gammaproteobacteria; unclassified Gammaproteobacteria; Competibacteraceae; Candidatus Competibacter; Candidatus Competibacter denitrificans	Bacteria; Proteobacteria; Gammaproteobacteria; unclassified Gammaproteobacteria; Competibacteraceae; Candidatus Competibacter	2.2739	0.867286	0.0
scaffold111736	norB	Bacteria; Proteobacteria; Gammaproteobacteria; unclassified Gammaproteobacteria; unclassified Gammaproteobacteria 	Bacteria; Proteobacteria; Gammaproteobacteria; unclassified Gammaproteobacteria; unclassified Gammaproteobacteria 	0	0.530061	0.0
scaffold131656	norB	Bacteria; Proteobacteria; Gammaproteobacteria	Bacteria; Proteobacteria; Gammaproteobacteria	0.322511	0.279133	0.09821
scaffold192788	norB	Bacteria; Proteobacteria; Gammaproteobacteria; unclassified Gammaproteobacteria; unclassified Gammaproteobacteria 	Bacteria; Proteobacteria; Gammaproteobacteria; unclassified Gammaproteobacteria; unclassified Gammaproteobacteria 	0	0.996747	0.0
scaffold326294	norB	Bacteria; Proteobacteria; Gammaproteobacteria; Thiotrichales; Thiotrichaceae; Beggiatoa	Bacteria; Proteobacteria; Gammaproteobacteria; Thiotrichales; Thiotrichaceae; Beggiatoa	0	0.709829	0.0
scaffold201835	norB	Bacteria; Proteobacteria	Bacteria; Proteobacteria	0	0.831245	0.15625
scaffold03947	norB	Bacteria; Proteobacteria; Gammaproteobacteria; unclassified Gammaproteobacteria; unclassified Gammaproteobacteria 	Bacteria; Proteobacteria; Gammaproteobacteria; unclassified Gammaproteobacteria; unclassified Gammaproteobacteria 	0.0293948	0.999996	0.0
scaffold39065	norB	Bacteria; Proteobacteria; Betaproteobacteria; Neisseriales; Chromobacteriaceae	Bacteria; Proteobacteria; Betaproteobacteria; Neisseriales; Chromobacteriaceae	0.0965786	0.989937	0.05729
scaffold130345	norB	Bacteria; Proteobacteria; Alphaproteobacteria; Rhizobiales; unclassified Rhizobiales; unclassified Rhizobiales 	Bacteria; Proteobacteria; Alphaproteobacteria; Rhizobiales; unclassified Rhizobiales; unclassified Rhizobiales 	0	0.480595	0.0
